FLUX,VALUE
FLUX.1,844.48
FLUX.2,817.49
FLUX.3,770.07
FLUX.4,675.01
FLUX.5,605.52
FLUX.6,499.45
FLUX.7,440.77
FLUX.8,362.95
FLUX.9,207.27
FLUX.10,150.46
FLUX.11,85.49
FLUX.12,-20.12
FLUX.13,-35.88
FLUX.14,-65.59
FLUX.15,-15.12
FLUX.16,16.6
FLUX.17,-25.7
FLUX.18,61.88
FLUX.19,53.18
FLUX.20,64.32
FLUX.21,72.38
FLUX.22,100.35
FLUX.23,67.26
FLUX.24,14.71
FLUX.25,-16.41
FLUX.26,-147.46
FLUX.27,-231.27
FLUX.28,-320.29
FLUX.29,-407.82
FLUX.30,-450.48
FLUX.31,-146.99
FLUX.32,-146.99
FLUX.33,-146.99
FLUX.34,-146.99
FLUX.35,-166.3
FLUX.36,-139.9
FLUX.37,-96.41
FLUX.38,-23.49
FLUX.39,13.59
FLUX.40,67.59
FLUX.41,32.09
FLUX.42,76.65
FLUX.43,58.3
FLUX.44,5.41
FLUX.45,61.66
FLUX.46,61.66
FLUX.47,126.79
FLUX.48,20.8
FLUX.49,-16.95
FLUX.50,13.37
FLUX.51,-24.29
FLUX.52,-129.41
FLUX.53,-108.02
FLUX.54,-164.9
FLUX.55,-150.04
FLUX.56,-186.05
FLUX.57,-213.55
FLUX.58,-100.51
FLUX.59,-27.38
FLUX.60,-2.84
FLUX.61,59.09
FLUX.62,23.68
FLUX.63,18.52
FLUX.64,28.18
FLUX.65,-39.71
FLUX.66,-36.45
FLUX.67,-94.43
FLUX.68,-141.55
FLUX.69,135.48
FLUX.70,135.48
FLUX.71,144.34
FLUX.72,69.99
FLUX.73,31.52
FLUX.74,63.68
FLUX.75,12.8
FLUX.76,2.93
FLUX.77,-32.93
FLUX.78,-57.45
FLUX.79,-75.35
FLUX.80,-189.57
FLUX.81,-184.04
FLUX.82,-173.71
FLUX.83,-129.15
FLUX.84,-68.79
FLUX.85,5.26
FLUX.86,-6.05
FLUX.87,-28.41
FLUX.88,11.45
FLUX.89,-6.62
FLUX.90,-56.7
FLUX.91,-104.96
FLUX.92,72.16
FLUX.93,207.23
FLUX.94,207.23
FLUX.95,86.29
FLUX.96,91.29
FLUX.97,76.71
FLUX.98,15.24
FLUX.99,36.05
FLUX.100,2.43
FLUX.101,90.21
FLUX.102,22.6
FLUX.103,62.49
FLUX.104,11.76
FLUX.105,-0.34
FLUX.106,-21.93
FLUX.107,-102.57
FLUX.108,-70.6
FLUX.109,-196.43
FLUX.110,-153.6
FLUX.111,-153.79
FLUX.112,-95.24
FLUX.113,-90.9
FLUX.114,-18.13
FLUX.115,33.21
FLUX.116,51.23
FLUX.117,25.38
FLUX.118,28.15
FLUX.119,-4.6
FLUX.120,-51.54
FLUX.121,-98.99
FLUX.122,-175.46
FLUX.123,-272.15
FLUX.124,-295.77
FLUX.125,-341.23
FLUX.126,-421.52
FLUX.127,-442.88
FLUX.128,-388.76
FLUX.129,-164.79
FLUX.130,-164.79
FLUX.131,-50.49
FLUX.132,-67.07
FLUX.133,-15.12
FLUX.134,8.71
FLUX.135,13.73
FLUX.136,41.24
FLUX.137,3.68
FLUX.138,-20.79
FLUX.139,-79.1
FLUX.140,-112.38
FLUX.141,-44.8
FLUX.142,-44.8
FLUX.143,-31.37
FLUX.144,-115.98
FLUX.145,-151.38
FLUX.146,-110.65
FLUX.147,-148.49
FLUX.148,-167.85
FLUX.149,-171.29
FLUX.150,-97.09
FLUX.151,-85.57
FLUX.152,-54.34
FLUX.153,-60.87
FLUX.154,-31.26
FLUX.155,-1.27
FLUX.156,26.88
FLUX.157,37.65
FLUX.158,13.3
FLUX.159,-66.43
FLUX.160,-75.98
FLUX.161,-139.43
FLUX.162,-150.88
FLUX.163,-265.16
FLUX.164,4.71
FLUX.165,4.71
FLUX.166,4.71
FLUX.167,-99.74
FLUX.168,-125.26
FLUX.169,-103.49
FLUX.170,-119.01
FLUX.171,-32.3
FLUX.172,-20.51
FLUX.173,-22.43
FLUX.174,-13.13
FLUX.175,-3.9
FLUX.176,19.16
FLUX.177,-13.43
FLUX.178,-78.91
FLUX.179,-133.12
FLUX.180,-179.48
FLUX.181,-274.27
FLUX.182,-362.8
FLUX.183,-423.76
FLUX.184,-450.7
FLUX.185,-441.73
FLUX.186,-448.91
FLUX.187,-390.27
FLUX.188,-373.1
FLUX.189,30.45
FLUX.190,30.45
FLUX.191,64.15
FLUX.192,69.93
FLUX.193,91.34
FLUX.194,46.65
FLUX.195,67.62
FLUX.196,-23.37
FLUX.197,-61.23
FLUX.198,-40.6
FLUX.199,-36.48
FLUX.200,-52.15
FLUX.201,-101.26
FLUX.202,-19.59
FLUX.203,-50.52
FLUX.204,-34.82
FLUX.205,30.16
FLUX.206,-14.38
FLUX.207,11.24
FLUX.208,24.05
FLUX.209,68.55
FLUX.210,75.66
FLUX.211,58.68
FLUX.212,58.38
FLUX.213,73.3
FLUX.214,73.3
FLUX.215,136.41
FLUX.216,25.99
FLUX.217,62.51
FLUX.218,4.71
FLUX.219,0.85
FLUX.220,40.51
FLUX.221,-36.95
FLUX.222,-130.13
FLUX.223,-136.18
FLUX.224,-63.41
FLUX.225,-75.7
FLUX.226,-79.63
FLUX.227,-0.43
FLUX.228,41.57
FLUX.229,52.24
FLUX.230,14.73
FLUX.231,14.04
FLUX.232,-23.05
FLUX.233,-44.24
FLUX.234,-87.18
FLUX.235,-93.93
FLUX.236,-288.98
FLUX.237,-41.02
FLUX.238,-41.02
FLUX.239,-83.68
FLUX.240,-88.35
FLUX.241,-101.45
FLUX.242,2.4
FLUX.243,-3.99
FLUX.244,-7.16
FLUX.245,-34.9
FLUX.246,12.98
FLUX.247,23.2
FLUX.248,-44.48
FLUX.249,-4.37
FLUX.250,-44.09
FLUX.251,-91.57
FLUX.252,-150.26
FLUX.253,-205.23
FLUX.254,-320.02
FLUX.255,-335.85
FLUX.256,-372.79
FLUX.257,-422.21
FLUX.258,-401.02
FLUX.259,-392.52
FLUX.260,-366.9
FLUX.261,-131.57
FLUX.262,-131.57
FLUX.263,-109.23
FLUX.264,-111.26
FLUX.265,-63.13
FLUX.266,-58.49
FLUX.267,-38.07
FLUX.268,-38.82
FLUX.269,-19.15
FLUX.270,-50.91
FLUX.271,-124.05
FLUX.272,-189.68
FLUX.273,50.37
FLUX.274,50.37
FLUX.275,17.43
FLUX.276,0.05
FLUX.277,43.2
FLUX.278,94.16
FLUX.279,-63.57
FLUX.280,-67.51
FLUX.281,-97.41
FLUX.282,-83.35
FLUX.283,-45.48
FLUX.284,-6.88
FLUX.285,15.73
FLUX.286,15.73
FLUX.287,46.2
FLUX.288,10.02
FLUX.289,44.55
FLUX.290,-86.51
FLUX.291,-91.63
FLUX.292,-96.93
FLUX.293,-66.74
FLUX.294,-14.29
FLUX.295,-63.1
FLUX.296,-52.9
FLUX.297,-63.79
FLUX.298,-98.91
FLUX.299,-93.01
FLUX.300,-79.52
FLUX.301,-70.74
FLUX.302,-102.32
FLUX.303,-47.99
FLUX.304,-43.35
FLUX.305,-65.82
FLUX.306,-16.76
FLUX.307,-53.34
FLUX.308,-70.98
FLUX.309,-4.09
FLUX.310,-4.09
FLUX.311,55.66
FLUX.312,97.37
FLUX.313,64.48
FLUX.314,37.18
FLUX.315,22.68
FLUX.316,-56.98
FLUX.317,-21.09
FLUX.318,7.62
FLUX.319,-23.43
FLUX.320,142.98
FLUX.321,18.88
FLUX.322,-28.13
FLUX.323,-18.95
FLUX.324,-40.48
FLUX.325,-57.8
FLUX.326,-49.91
FLUX.327,-108.16
FLUX.328,-89.93
FLUX.329,-116.41
FLUX.330,-56.77
FLUX.331,-42.6
FLUX.332,-37.76
FLUX.333,-76.6
FLUX.334,7.62
FLUX.335,12.15
FLUX.336,-43.8
FLUX.337,-51.52
FLUX.338,63.34
FLUX.339,3.71
FLUX.340,-69.62
FLUX.341,-99.18
FLUX.342,-16.79
FLUX.343,-86.84
FLUX.344,-147.52
FLUX.345,-10.1
FLUX.346,-10.1
FLUX.347,8.68
FLUX.348,-23.46
FLUX.349,8.37
FLUX.350,6.74
FLUX.351,-20.35
FLUX.352,-26.37
FLUX.353,48.01
FLUX.354,43.1
FLUX.355,8.88
FLUX.356,52.29
FLUX.357,40.26
FLUX.358,16.9
FLUX.359,51.23
FLUX.360,28.51
FLUX.361,25.93
FLUX.362,-27.21
FLUX.363,26.29
FLUX.364,-7.52
FLUX.365,-26.91
FLUX.366,10.85
FLUX.367,43.8
FLUX.368,28.37
FLUX.369,-40.87
FLUX.370,-94.88
FLUX.371,-68.18
FLUX.372,-49.04
FLUX.373,-30.68
FLUX.374,-46.52
FLUX.375,-55.21
FLUX.376,-58.7
FLUX.377,-27.4
FLUX.378,-32.13
FLUX.379,-68.96
FLUX.380,-57.65
FLUX.381,-63.51
FLUX.382,-63.51
FLUX.383,-45.52
FLUX.384,-87.79
FLUX.385,-37.59
FLUX.386,-25.4
FLUX.387,-22.6
FLUX.388,-63.4
FLUX.389,-36.29
FLUX.390,-24.02
FLUX.391,-74.93
FLUX.392,-123.26
FLUX.393,34.41
FLUX.394,34.41
FLUX.395,39.48
FLUX.396,21.76
FLUX.397,82.96
FLUX.398,85.34
FLUX.399,39.95
FLUX.400,103.29
FLUX.401,89.68
FLUX.402,53.01
FLUX.403,47.21
FLUX.404,57.1
FLUX.405,108.98
FLUX.406,96.74
FLUX.407,86.7
FLUX.408,39.09
FLUX.409,48.43
FLUX.410,21.55
FLUX.411,111.27
FLUX.412,96.27
FLUX.413,-2.3
FLUX.414,103.99
FLUX.415,83.7
FLUX.416,92.3
FLUX.417,41.57
FLUX.418,82.99
FLUX.419,108.77
FLUX.420,103.7
FLUX.421,81.35
FLUX.422,-82.74
FLUX.423,-90.8
FLUX.424,-32.93
FLUX.425,6.23
FLUX.426,49.38
FLUX.427,15.38
FLUX.428,42.6
FLUX.429,31.88
FLUX.430,-13.49
FLUX.431,-14.41
FLUX.432,44.3
FLUX.433,-17.76
FLUX.434,-56.2
FLUX.435,-72.76
FLUX.436,-53.27
FLUX.437,-36.59
FLUX.438,-20.54
FLUX.439,2.52
FLUX.440,18.9
FLUX.441,22.38
FLUX.442,13.66
FLUX.443,22.46
FLUX.444,31.55
FLUX.445,-0.23
FLUX.446,26.46
FLUX.447,26.3
FLUX.448,35.52
FLUX.449,36.85
FLUX.450,66.15
FLUX.451,41.37
FLUX.452,-0.35
FLUX.453,4.32
FLUX.454,-61.37
FLUX.455,-63.9
FLUX.456,-123.88
FLUX.457,-125.82
FLUX.458,-161.62
FLUX.459,-157.24
FLUX.460,-155.02
FLUX.461,-193.02
FLUX.462,-238.54
FLUX.463,-238.45
FLUX.464,-265.16
FLUX.465,0.4
FLUX.466,0.4
FLUX.467,-36.37
FLUX.468,-22.01
FLUX.469,24.51
FLUX.470,-3.48
FLUX.471,-63.02
FLUX.472,-30.04
FLUX.473,-55.76
FLUX.474,-15.65
FLUX.475,10.49
FLUX.476,9.73
FLUX.477,279.09
FLUX.478,279.09
FLUX.479,199.91
FLUX.480,208.29
FLUX.481,221.43
FLUX.482,192.37
FLUX.483,256.82
FLUX.484,236.43
FLUX.485,200.98
FLUX.486,213.21
FLUX.487,227.48
FLUX.488,255.46
FLUX.489,232.85
FLUX.490,216.1
FLUX.491,202.55
FLUX.492,210.35
FLUX.493,121.3
FLUX.494,227.46
FLUX.495,127.35
FLUX.496,138.12
FLUX.497,110.7
FLUX.498,88.13
FLUX.499,110.66
FLUX.500,118.91
FLUX.501,102.95
FLUX.502,155.37
FLUX.503,148.15
FLUX.504,122.38
FLUX.505,140.95
FLUX.506,157.62
FLUX.507,128.01
FLUX.508,98.4
FLUX.509,75.2
FLUX.510,156.8
FLUX.511,116.48
FLUX.512,152.45
FLUX.513,125.04
FLUX.514,104.35
FLUX.515,64.84
FLUX.516,31.59
FLUX.517,92.38
FLUX.518,37.26
FLUX.519,69.38
FLUX.520,24.62
FLUX.521,88.09
FLUX.522,106.93
FLUX.523,44.2
FLUX.524,115.05
FLUX.525,124.76
FLUX.526,69.6
FLUX.527,51.79
FLUX.528,64.32
FLUX.529,49.9
FLUX.530,108.98
FLUX.531,80.54
FLUX.532,113.85
FLUX.533,137.4
FLUX.534,177.27
FLUX.535,208.26
FLUX.536,100.48
FLUX.537,113.3
FLUX.538,27.3
FLUX.539,54.7
FLUX.540,89.82
FLUX.541,73.54
FLUX.542,81.51
FLUX.543,95.76
FLUX.544,56.37
FLUX.545,83.52
FLUX.546,74.24
FLUX.547,74.99
FLUX.548,78.54
FLUX.549,73.41
FLUX.550,116.71
FLUX.551,112.79
FLUX.552,114.23
FLUX.553,111.8
FLUX.554,88.41
FLUX.555,87.88
FLUX.556,95.02
FLUX.557,53.73
FLUX.558,60.96
FLUX.559,83.95
FLUX.560,92.4
FLUX.561,86.09
FLUX.562,77.26
FLUX.563,55.05
FLUX.564,111.76
FLUX.565,83.79
FLUX.566,39.24
FLUX.567,109.87
FLUX.568,67.77
FLUX.569,60.77
FLUX.570,60.82
FLUX.571,90.84
FLUX.572,13.3
FLUX.573,48.77
FLUX.574,48.77
FLUX.575,48.77
FLUX.576,47.2
FLUX.577,85.43
FLUX.578,71.55
FLUX.579,170.91
FLUX.580,81.49
FLUX.581,140.09
FLUX.582,83.99
FLUX.583,63.84
FLUX.584,89.73
FLUX.585,145.55
FLUX.586,131.23
FLUX.587,123.35
FLUX.588,79.66
FLUX.589,72.1
FLUX.590,103.93
FLUX.591,133.84
FLUX.592,128.15
FLUX.593,91.43
FLUX.594,72.77
FLUX.595,134.45
FLUX.596,88.99
FLUX.597,65.7
FLUX.598,66.98
FLUX.599,83.15
FLUX.600,83.15
FLUX.601,83.15
FLUX.602,83.15
FLUX.603,82.24
FLUX.604,112.02
FLUX.605,60.59
FLUX.606,130.01
FLUX.607,85.71
FLUX.608,98.3
FLUX.609,135.23
FLUX.610,52.2
FLUX.611,47.49
FLUX.612,50.82
FLUX.613,86.65
FLUX.614,79.85
FLUX.615,7.6
FLUX.616,31.91
FLUX.617,34.6
FLUX.618,51.98
FLUX.619,1.93
FLUX.620,14.13
FLUX.621,50.37
FLUX.622,80.26
FLUX.623,46.27
FLUX.624,91.77
FLUX.625,40.84
FLUX.626,72.96
FLUX.627,34.55
FLUX.628,29.2
FLUX.629,-8.54
FLUX.630,5.38
FLUX.631,35.24
FLUX.632,21.66
FLUX.633,2.82
FLUX.634,34.24
FLUX.635,28.02
FLUX.636,16.9
FLUX.637,6.45
FLUX.638,28.98
FLUX.639,21.35
FLUX.640,53.73
FLUX.641,50.71
FLUX.642,78.57
FLUX.643,-5.48
FLUX.644,5.05
FLUX.645,14.87
FLUX.646,17.4
FLUX.647,21.01
FLUX.648,7.13
FLUX.649,-83.91
FLUX.650,23.93
FLUX.651,2.77
FLUX.652,51.59
FLUX.653,47.6
FLUX.654,241.32
FLUX.655,91.09
FLUX.656,107.68
FLUX.657,101.87
FLUX.658,134.85
FLUX.659,139.09
FLUX.660,123.35
FLUX.661,134.88
FLUX.662,146.99
FLUX.663,135.15
FLUX.664,164.1
FLUX.665,119.96
FLUX.666,72.79
FLUX.667,105.02
FLUX.668,200.45
FLUX.669,36.09
FLUX.670,36.09
FLUX.671,26.07
FLUX.672,1.57
FLUX.673,28.49
FLUX.674,39.88
FLUX.675,42.49
FLUX.676,11.45
FLUX.677,6.52
FLUX.678,-6.68
FLUX.679,60.9
FLUX.680,8.21
FLUX.681,30.48
FLUX.682,50.15
FLUX.683,66.51
FLUX.684,48.88
FLUX.685,96.24
FLUX.686,39.84
FLUX.687,48.27
FLUX.688,22.37
FLUX.689,45.16
FLUX.690,55.3
FLUX.691,83.01
FLUX.692,35.63
FLUX.693,-0.71
FLUX.694,35.48
FLUX.695,30.7
FLUX.696,-20.74
FLUX.697,39.12
FLUX.698,40.91
FLUX.699,-15.27
FLUX.700,-18.13
FLUX.701,12.68
FLUX.702,37.88
FLUX.703,49.45
FLUX.704,98.68
FLUX.705,101.41
FLUX.706,104.13
FLUX.707,168.12
FLUX.708,183.87
FLUX.709,172.3
FLUX.710,180.4
FLUX.711,189.98
FLUX.712,206.65
FLUX.713,260.99
FLUX.714,190.07
FLUX.715,259.65
FLUX.716,318.34
FLUX.717,17.73
FLUX.718,17.73
FLUX.719,48.02
FLUX.720,62.35
FLUX.721,41.96
FLUX.722,105.73
FLUX.723,90.98
FLUX.724,104.57
FLUX.725,91.54
FLUX.726,120.79
FLUX.727,138.68
FLUX.728,167.68
FLUX.729,-10.48
FLUX.730,-10.48
FLUX.731,27.82
FLUX.732,-3.82
FLUX.733,-22.3
FLUX.734,-9.34
FLUX.735,-21.68
FLUX.736,-14.15
FLUX.737,-31.85
FLUX.738,-78.32
FLUX.739,-10.09
FLUX.740,19.26
FLUX.741,-0.95
FLUX.742,7.21
FLUX.743,-19.71
FLUX.744,22.54
FLUX.745,75.29
FLUX.746,53.93
FLUX.747,124.26
FLUX.748,126.46
FLUX.749,122.52
FLUX.750,131.98
FLUX.751,207.57
FLUX.752,254.93
FLUX.753,60.54
FLUX.754,60.54
FLUX.755,114.43
FLUX.756,164.1
FLUX.757,194.87
FLUX.758,231.38
FLUX.759,212.3
FLUX.760,260.46
FLUX.761,268.84
FLUX.762,345.38
FLUX.763,353.62
FLUX.764,457.05
FLUX.765,12.01
FLUX.766,12.01
FLUX.767,-5.85
FLUX.768,10.65
FLUX.769,-55.49
FLUX.770,-27.18
FLUX.771,-52.46
FLUX.772,19.93
FLUX.773,23.93
FLUX.774,47.87
FLUX.775,88.68
FLUX.776,102.74
FLUX.777,22.12
FLUX.778,22.12
FLUX.779,15.71
FLUX.780,33.07
FLUX.781,27.13
FLUX.782,-13.49
FLUX.783,28.68
FLUX.784,70.95
FLUX.785,17.05
FLUX.786,10.63
FLUX.787,97.84
FLUX.788,108.38
FLUX.789,-14.96
FLUX.790,-14.96
FLUX.791,-7.98
FLUX.792,0.93
FLUX.793,2.15
FLUX.794,-17.96
FLUX.795,130.12
FLUX.796,97.93
FLUX.797,127.1
FLUX.798,78.15
FLUX.799,108.51
FLUX.800,118.54
FLUX.801,-78.35
FLUX.802,-78.35
FLUX.803,-104.8
FLUX.804,-71.12
FLUX.805,-8.77
FLUX.806,-10.05
FLUX.807,-10.73
FLUX.808,-31.24
FLUX.809,31.45
FLUX.810,61.57
FLUX.811,78.9
FLUX.812,114.13
FLUX.813,2.05
FLUX.814,2.05
FLUX.815,-30.16
FLUX.816,-2.65
FLUX.817,21.71
FLUX.818,43.46
FLUX.819,-4.71
FLUX.820,19.02
FLUX.821,22.45
FLUX.822,52.71
FLUX.823,-45.07
FLUX.824,-32.29
FLUX.825,11.37
FLUX.826,16.46
FLUX.827,4.82
FLUX.828,7.23
FLUX.829,1.02
FLUX.830,26.21
FLUX.831,62.04
FLUX.832,27.38
FLUX.833,53.76
FLUX.834,70.41
FLUX.835,97.16
FLUX.836,71.15
FLUX.837,34.87
FLUX.838,100.51
FLUX.839,151.02
FLUX.840,177.51
FLUX.841,193.4
FLUX.842,269.09
FLUX.843,205.37
FLUX.844,232.34
FLUX.845,253.87
FLUX.846,247.13
FLUX.847,311.12
FLUX.848,347.76
FLUX.849,29.71
FLUX.850,29.71
FLUX.851,10.79
FLUX.852,69.37
FLUX.853,88.6
FLUX.854,112.62
FLUX.855,106.24
FLUX.856,140.18
FLUX.857,90.79
FLUX.858,167.79
FLUX.859,162.99
FLUX.860,262.23
FLUX.861,-58.16
FLUX.862,-58.16
FLUX.863,8.68
FLUX.864,-26.2
FLUX.865,15.09
FLUX.866,-79.91
FLUX.867,-24.88
FLUX.868,-37.45
FLUX.869,-7.76
FLUX.870,-28.6
FLUX.871,-22.05
FLUX.872,-44.79
FLUX.873,-15.93
FLUX.874,32.01
FLUX.875,74.09
FLUX.876,104.05
FLUX.877,76.26
FLUX.878,134.07
FLUX.879,75.65
FLUX.880,114.1
FLUX.881,154.8
FLUX.882,168.99
FLUX.883,205.16
FLUX.884,199.63
FLUX.885,31.84
FLUX.886,31.84
FLUX.887,-7.99
FLUX.888,-12.46
FLUX.889,-85.96
FLUX.890,-10.4
FLUX.891,-29.6
FLUX.892,0.13
FLUX.893,59.32
FLUX.894,43.88
FLUX.895,72.84
FLUX.896,67.24
FLUX.897,113.68
FLUX.898,126.7
FLUX.899,58.1
FLUX.900,98.59
FLUX.901,118.07
FLUX.902,165.1
FLUX.903,201.66
FLUX.904,181.74
FLUX.905,184.74
FLUX.906,185.55
FLUX.907,273.57
FLUX.908,312.87
FLUX.909,31.48
FLUX.910,31.48
FLUX.911,8.76
FLUX.912,-44.05
FLUX.913,13.55
FLUX.914,10.04
FLUX.915,32.84
FLUX.916,65.37
FLUX.917,103.54
FLUX.918,78.04
FLUX.919,185.52
FLUX.920,127.6
FLUX.921,30.85
FLUX.922,30.85
FLUX.923,29.3
FLUX.924,38.29
FLUX.925,79.01
FLUX.926,89.77
FLUX.927,51.68
FLUX.928,20.6
FLUX.929,42.76
FLUX.930,73.85
FLUX.931,48.32
FLUX.932,23.66
FLUX.933,-29.04
FLUX.934,-55.32
FLUX.935,4.65
FLUX.936,-68.18
FLUX.937,-118.09
FLUX.938,-153.13
FLUX.939,-4.88
FLUX.940,1.85
FLUX.941,-32.99
FLUX.942,-13.23
FLUX.943,41.29
FLUX.944,58.62
FLUX.945,157.26
FLUX.946,149.8
FLUX.947,100.51
FLUX.948,140.26
FLUX.949,205.35
FLUX.950,201.88
FLUX.951,211.85
FLUX.952,218.24
FLUX.953,200.12
FLUX.954,254.15
FLUX.955,236.96
FLUX.956,247.16
FLUX.957,15.77
FLUX.958,15.77
FLUX.959,34.77
FLUX.960,48.41
FLUX.961,57.21
FLUX.962,11.37
FLUX.963,36.77
FLUX.964,-18.43
FLUX.965,69.63
FLUX.966,5.26
FLUX.967,50.4
FLUX.968,28.12
FLUX.969,124.21
FLUX.970,60.73
FLUX.971,130.63
FLUX.972,172.82
FLUX.973,115.8
FLUX.974,140.65
FLUX.975,43.88
FLUX.976,70.41
FLUX.977,129.04
FLUX.978,191.45
FLUX.979,151.18
FLUX.980,166.12
FLUX.981,31.62
FLUX.982,31.62
FLUX.983,10.6
FLUX.984,44.71
FLUX.985,53.96
FLUX.986,75.29
FLUX.987,39.49
FLUX.988,13.13
FLUX.989,37.05
FLUX.990,-2.02
FLUX.991,-9.65
FLUX.992,-15.49
FLUX.993,37.1
FLUX.994,54.99
FLUX.995,12.13
FLUX.996,69.74
FLUX.997,41.29
FLUX.998,0.34
FLUX.999,55.8
FLUX.1000,23.26
FLUX.1001,16.84
FLUX.1002,31.99
FLUX.1003,108.01
FLUX.1004,50.27
FLUX.1005,106.23
FLUX.1006,92.46
FLUX.1007,165.05
FLUX.1008,126.07
FLUX.1009,78.93
FLUX.1010,55.07
FLUX.1011,149.79
FLUX.1012,187.2
FLUX.1013,166.01
FLUX.1014,236.71
FLUX.1015,251.52
FLUX.1016,335.84
FLUX.1017,23.52
FLUX.1018,23.52
FLUX.1019,52.32
FLUX.1020,36.99
FLUX.1021,29.01
FLUX.1022,34.87
FLUX.1023,40.84
FLUX.1024,117.26
FLUX.1025,111.16
FLUX.1026,105.9
FLUX.1027,153.15
FLUX.1028,152.3
FLUX.1029,47.57
FLUX.1030,47.57
FLUX.1031,5.55
FLUX.1032,49.85
FLUX.1033,24.77
FLUX.1034,-33.23
FLUX.1035,72.1
FLUX.1036,39.79
FLUX.1037,19.74
FLUX.1038,37.41
FLUX.1039,23.1
FLUX.1040,-45.34
FLUX.1041,-24.15
FLUX.1042,-31.66
FLUX.1043,-23.23
FLUX.1044,-26.01
FLUX.1045,-0.59
FLUX.1046,-21.4
FLUX.1047,-29.95
FLUX.1048,-28.51
FLUX.1049,-19.84
FLUX.1050,10.68
FLUX.1051,39.07
FLUX.1052,-22.3
FLUX.1053,21.4
FLUX.1054,21.4
FLUX.1055,-21.95
FLUX.1056,-12.38
FLUX.1057,20.34
FLUX.1058,-29.07
FLUX.1059,11.16
FLUX.1060,27.04
FLUX.1061,-3.07
FLUX.1062,-17.16
FLUX.1063,-49.01
FLUX.1064,-78.73
FLUX.1065,-51.02
FLUX.1066,-46.84
FLUX.1067,22.57
FLUX.1068,270.57
FLUX.1069,-31.76
FLUX.1070,-53.8
FLUX.1071,-0.73
FLUX.1072,25.63
FLUX.1073,43.71
FLUX.1074,-4.12
FLUX.1075,36.12
FLUX.1076,-41.87
FLUX.1077,9.04
FLUX.1078,0.65
FLUX.1079,59.45
FLUX.1080,109.45
FLUX.1081,104.49
FLUX.1082,72.95
FLUX.1083,112.55
FLUX.1084,173.35
FLUX.1085,149.24
FLUX.1086,135.02
FLUX.1087,157.51
FLUX.1088,137.46
FLUX.1089,-22.55
FLUX.1090,-22.55
FLUX.1091,-45.54
FLUX.1092,-24.65
FLUX.1093,36.2
FLUX.1094,94.38
FLUX.1095,98.18
FLUX.1096,111.95
FLUX.1097,154.8
FLUX.1098,246.48
FLUX.1099,182.79
FLUX.1100,218.77
FLUX.1101,-4.01
FLUX.1102,-4.01
FLUX.1103,50.1
FLUX.1104,-3.02
FLUX.1105,50.62
FLUX.1106,-0.32
FLUX.1107,35.23
FLUX.1108,108.54
FLUX.1109,26.13
FLUX.1110,77.54
FLUX.1111,83.99
FLUX.1112,80.65
FLUX.1113,-15.77
FLUX.1114,-15.77
FLUX.1115,38.49
FLUX.1116,90.26
FLUX.1117,82.96
FLUX.1118,146.52
FLUX.1119,72.95
FLUX.1120,72.95
FLUX.1121,105.07
FLUX.1122,-57.2
FLUX.1123,8.18
FLUX.1124,7.09
FLUX.1125,40.48
FLUX.1126,5.35
FLUX.1127,-6.12
FLUX.1128,-33.73
FLUX.1129,-43.21
FLUX.1130,44.77
FLUX.1131,-2.76
FLUX.1132,-28.76
FLUX.1133,9.41
FLUX.1134,29.54
FLUX.1135,35.77
FLUX.1136,63.27
FLUX.1137,52.85
FLUX.1138,144.51
FLUX.1139,75.09
FLUX.1140,153.82
FLUX.1141,128.12
FLUX.1142,127.16
FLUX.1143,164.8
FLUX.1144,114.38
FLUX.1145,115.43
FLUX.1146,108.51
FLUX.1147,90.2
FLUX.1148,238.52
FLUX.1149,47.9
FLUX.1150,47.9
FLUX.1151,29.27
FLUX.1152,36.02
FLUX.1153,41.98
FLUX.1154,80.37
FLUX.1155,71.93
FLUX.1156,111.15
FLUX.1157,146.38
FLUX.1158,102.76
FLUX.1159,125.48
FLUX.1160,75.04
FLUX.1161,50.07
FLUX.1162,50.07
FLUX.1163,86.85
FLUX.1164,66.05
FLUX.1165,59.48
FLUX.1166,86.96
FLUX.1167,47.9
FLUX.1168,16.55
FLUX.1169,64.6
FLUX.1170,102.76
FLUX.1171,86.62
FLUX.1172,178.01
FLUX.1173,61.71
FLUX.1174,61.71
FLUX.1175,42.57
FLUX.1176,47.23
FLUX.1177,61.26
FLUX.1178,35.93
FLUX.1179,65.12
FLUX.1180,74.29
FLUX.1181,97.93
FLUX.1182,78.32
FLUX.1183,73.12
FLUX.1184,145.9
FLUX.1185,81.98
FLUX.1186,109.01
FLUX.1187,53.51
FLUX.1188,30.37
FLUX.1189,11.46
FLUX.1190,66.51
FLUX.1191,83.13
FLUX.1192,79.93
FLUX.1193,136.26
FLUX.1194,145.07
FLUX.1195,155.01
FLUX.1196,108.8
FLUX.1197,65.6
FLUX.1198,65.6
FLUX.1199,71.57
FLUX.1200,86.27
FLUX.1201,88.71
FLUX.1202,117.59
FLUX.1203,86.37
FLUX.1204,88.32
FLUX.1205,99.65
FLUX.1206,41.68
FLUX.1207,83.04
FLUX.1208,230.49
FLUX.1209,85.88
FLUX.1210,72.46
FLUX.1211,40.9
FLUX.1212,43.8
FLUX.1213,72.55
FLUX.1214,63.32
FLUX.1215,51.23
FLUX.1216,117.41
FLUX.1217,119.88
FLUX.1218,126.98
FLUX.1219,168.13
FLUX.1220,107.66
FLUX.1221,123.05
FLUX.1222,123.05
FLUX.1223,140.2
FLUX.1224,124.37
FLUX.1225,89.3
FLUX.1226,82.99
FLUX.1227,69.23
FLUX.1228,27.6
FLUX.1229,91.66
FLUX.1230,77.3
FLUX.1231,61.43
FLUX.1232,67.1
FLUX.1233,42.87
FLUX.1234,91.49
FLUX.1235,-30.73
FLUX.1236,63.62
FLUX.1237,44.76
FLUX.1238,69.01
FLUX.1239,43.96
FLUX.1240,67.1
FLUX.1241,298.01
FLUX.1242,76.68
FLUX.1243,132.01
FLUX.1244,178.87
FLUX.1245,102.76
FLUX.1246,102.76
FLUX.1247,107.7
FLUX.1248,106.93
FLUX.1249,86.74
FLUX.1250,46.65
FLUX.1251,70.41
FLUX.1252,60.88
FLUX.1253,96.26
FLUX.1254,73.37
FLUX.1255,74.76
FLUX.1256,117.34
FLUX.1257,55.02
FLUX.1258,50.6
FLUX.1259,47.15
FLUX.1260,47.95
FLUX.1261,72.38
FLUX.1262,119.57
FLUX.1263,172.82
FLUX.1264,160.66
FLUX.1265,169.99
FLUX.1266,146.74
FLUX.1267,139.88
FLUX.1268,152.68
FLUX.1269,91.46
FLUX.1270,91.46
FLUX.1271,56.98
FLUX.1272,63.02
FLUX.1273,122.7
FLUX.1274,112.4
FLUX.1275,64.16
FLUX.1276,10.41
FLUX.1277,16.52
FLUX.1278,89.9
FLUX.1279,83.04
FLUX.1280,28.41
FLUX.1281,-2.41
FLUX.1282,-2.41
FLUX.1283,16.84
FLUX.1284,43.73
FLUX.1285,51.59
FLUX.1286,69.48
FLUX.1287,2.1
FLUX.1288,49.41
FLUX.1289,86.9
FLUX.1290,65.21
FLUX.1291,117.68
FLUX.1292,38.37
FLUX.1293,8.65
FLUX.1294,16.3
FLUX.1295,44.85
FLUX.1296,80.01
FLUX.1297,137.4
FLUX.1298,89.82
FLUX.1299,87.24
FLUX.1300,26.07
FLUX.1301,68.7
FLUX.1302,81.52
FLUX.1303,148.04
FLUX.1304,197.21
FLUX.1305,58.34
FLUX.1306,58.34
FLUX.1307,54.32
FLUX.1308,-13.51
FLUX.1309,67.49
FLUX.1310,20.34
FLUX.1311,33.26
FLUX.1312,25.79
FLUX.1313,87.73
FLUX.1314,83.26
FLUX.1315,112.13
FLUX.1316,151.05
FLUX.1317,68.71
FLUX.1318,17.12
FLUX.1319,20.52
FLUX.1320,68.32
FLUX.1321,99.54
FLUX.1322,122.91
FLUX.1323,90.71
FLUX.1324,222.15
FLUX.1325,221.88
FLUX.1326,260.27
FLUX.1327,282.12
FLUX.1328,401.93
FLUX.1329,60.21
FLUX.1330,60.21
FLUX.1331,84.16
FLUX.1332,25.48
FLUX.1333,30.87
FLUX.1334,79.21
FLUX.1335,13.8
FLUX.1336,17.68
FLUX.1337,0.76
FLUX.1338,50.68
FLUX.1339,92.24
FLUX.1340,-10.57
FLUX.1341,10.96
FLUX.1342,10.96
FLUX.1343,10.96
FLUX.1344,71.93
FLUX.1345,0.59
FLUX.1346,43.77
FLUX.1347,63.52
FLUX.1348,111.07
FLUX.1349,100.57
FLUX.1350,51.49
FLUX.1351,41.05
FLUX.1352,61.29
FLUX.1353,9.88
FLUX.1354,49.46
FLUX.1355,17.57
FLUX.1356,46.01
FLUX.1357,88.01
FLUX.1358,96.35
FLUX.1359,71.4
FLUX.1360,59.9
FLUX.1361,48.29
FLUX.1362,71.73
FLUX.1363,53.48
FLUX.1364,95.6
FLUX.1365,71.29
FLUX.1366,56.49
FLUX.1367,88.91
FLUX.1368,95.23
FLUX.1369,97.27
FLUX.1370,126.45
FLUX.1371,173.43
FLUX.1372,138.73
FLUX.1373,150.82
FLUX.1374,94.84
FLUX.1375,140.1
FLUX.1376,166.93
FLUX.1377,68.15
FLUX.1378,68.15
FLUX.1379,33.63
FLUX.1380,92.32
FLUX.1381,78.84
FLUX.1382,67.79
FLUX.1383,62.05
FLUX.1384,70.04
FLUX.1385,118.35
FLUX.1386,66.45
FLUX.1387,81.32
FLUX.1388,46.98
FLUX.1389,101.76
FLUX.1390,70.68
FLUX.1391,122.93
FLUX.1392,74.59
FLUX.1393,78.2
FLUX.1394,111.76
FLUX.1395,75.29
FLUX.1396,185.07
FLUX.1397,95.48
FLUX.1398,154.91
FLUX.1399,129.66
FLUX.1400,160.79
FLUX.1401,213.93
FLUX.1402,176.34
FLUX.1403,163.49
FLUX.1404,155.68
FLUX.1405,147.98
FLUX.1406,169.32
FLUX.1407,172.35
FLUX.1408,214.38
FLUX.1409,179.01
FLUX.1410,226.18
FLUX.1411,306.52
FLUX.1412,271.46
FLUX.1413,55.74
FLUX.1414,55.74
FLUX.1415,67.4
FLUX.1416,56.79
FLUX.1417,77.51
FLUX.1418,69.1
FLUX.1419,122.82
FLUX.1420,56.82
FLUX.1421,53.76
FLUX.1422,125.34
FLUX.1423,100.6
FLUX.1424,99.51
FLUX.1425,110.95
FLUX.1426,66.88
FLUX.1427,116.41
FLUX.1428,166.38
FLUX.1429,139.73
FLUX.1430,160.68
FLUX.1431,183.87
FLUX.1432,198.99
FLUX.1433,209.35
FLUX.1434,256.84
FLUX.1435,305.27
FLUX.1436,400.23
FLUX.1437,91.77
FLUX.1438,91.77
FLUX.1439,58.88
FLUX.1440,98.79
FLUX.1441,125.77
FLUX.1442,114.46
FLUX.1443,92.54
FLUX.1444,111.34
FLUX.1445,88.18
FLUX.1446,132.07
FLUX.1447,175.76
FLUX.1448,112.4
FLUX.1449,83.21
FLUX.1450,83.21
FLUX.1451,92.27
FLUX.1452,26.05
FLUX.1453,79.66
FLUX.1454,40.59
FLUX.1455,-14.8
FLUX.1456,43.01
FLUX.1457,52.73
FLUX.1458,78.45
FLUX.1459,-14.88
FLUX.1460,-25.55
FLUX.1461,32.74
FLUX.1462,10.85
FLUX.1463,8.52
FLUX.1464,17.7
FLUX.1465,41.12
FLUX.1466,72.46
FLUX.1467,68.46
FLUX.1468,59.48
FLUX.1469,34.4
FLUX.1470,46.24
FLUX.1471,103.1
FLUX.1472,81.82
FLUX.1473,68.65
FLUX.1474,68.65
FLUX.1475,-0.71
FLUX.1476,37.88
FLUX.1477,-20.71
FLUX.1478,29.01
FLUX.1479,8.07
FLUX.1480,3.37
FLUX.1481,21.15
FLUX.1482,-42.66
FLUX.1483,13.26
FLUX.1484,35.95
FLUX.1485,-4.84
FLUX.1486,-0.29
FLUX.1487,3.07
FLUX.1488,53.27
FLUX.1489,-9.29
FLUX.1490,11.74
FLUX.1491,62.35
FLUX.1492,8.73
FLUX.1493,38.51
FLUX.1494,-122.65
FLUX.1495,45.59
FLUX.1496,40.55
FLUX.1497,82.3
FLUX.1498,83.54
FLUX.1499,63.79
FLUX.1500,83.93
FLUX.1501,37.04
FLUX.1502,-4.2
FLUX.1503,76.57
FLUX.1504,110.26
FLUX.1505,134.71
FLUX.1506,72.95
FLUX.1507,113.85
FLUX.1508,217.34
FLUX.1509,-26.2
FLUX.1510,-26.2
FLUX.1511,11.62
FLUX.1512,42.21
FLUX.1513,47.29
FLUX.1514,-13.13
FLUX.1515,-5.79
FLUX.1516,22.07
FLUX.1517,-34.66
FLUX.1518,27.45
FLUX.1519,-56.46
FLUX.1520,-35.68
FLUX.1521,-6.43
FLUX.1522,-9.54
FLUX.1523,4.49
FLUX.1524,-52.43
FLUX.1525,-30.77
FLUX.1526,-27.9
FLUX.1527,49.09
FLUX.1528,63.34
FLUX.1529,58.35
FLUX.1530,79.3
FLUX.1531,77.3
FLUX.1532,100.02
FLUX.1533,65.43
FLUX.1534,65.43
FLUX.1535,-52.54
FLUX.1536,-29.71
FLUX.1537,-42.27
FLUX.1538,-44.54
FLUX.1539,-78.35
FLUX.1540,-70.51
FLUX.1541,-126.05
FLUX.1542,-44.51
FLUX.1543,-52.79
FLUX.1544,-32.3
FLUX.1545,-20.66
FLUX.1546,-0.8
FLUX.1547,10.48
FLUX.1548,-22.05
FLUX.1549,-89.21
FLUX.1550,-43.12
FLUX.1551,-10.59
FLUX.1552,17.8
FLUX.1553,-4.71
FLUX.1554,-18.27
FLUX.1555,15.07
FLUX.1556,13.6
FLUX.1557,22.59
FLUX.1558,-23.99
FLUX.1559,-92.93
FLUX.1560,-5.52
FLUX.1561,22.66
FLUX.1562,29.62
FLUX.1563,-2.52
FLUX.1564,21.71
FLUX.1565,14.37
FLUX.1566,51.87
FLUX.1567,60.59
FLUX.1568,97.24
FLUX.1569,-27.4
FLUX.1570,-27.4
FLUX.1571,-29.07
FLUX.1572,-10.63
FLUX.1573,-19.29
FLUX.1574,-51.02
FLUX.1575,-5.34
FLUX.1576,-55.29
FLUX.1577,-35.27
FLUX.1578,-61.3
FLUX.1579,1.23
FLUX.1580,-89.7
FLUX.1581,-41.87
FLUX.1582,-51.51
FLUX.1583,-19.93
FLUX.1584,-81.13
FLUX.1585,-37.32
FLUX.1586,-46.98
FLUX.1587,-47.99
FLUX.1588,-19.04
FLUX.1589,33.95
FLUX.1590,-11.99
FLUX.1591,-27.45
FLUX.1592,-21.32
FLUX.1593,-67.27
FLUX.1594,-46.45
FLUX.1595,-37.91
FLUX.1596,-40.68
FLUX.1597,-15.46
FLUX.1598,-40.54
FLUX.1599,-18.41
FLUX.1600,9.59
FLUX.1601,20.57
FLUX.1602,5.09
FLUX.1603,16.07
FLUX.1604,51.23
FLUX.1605,15.02
FLUX.1606,25.9
FLUX.1607,48.65
FLUX.1608,87.99
FLUX.1609,70.73
FLUX.1610,62.13
FLUX.1611,101.84
FLUX.1612,40.07
FLUX.1613,90.65
FLUX.1614,98.4
FLUX.1615,108.85
FLUX.1616,108.73
FLUX.1617,33.29
FLUX.1618,33.29
FLUX.1619,-6.57
FLUX.1620,-4.99
FLUX.1621,25.57
FLUX.1622,1.77
FLUX.1623,-10.48
FLUX.1624,36.02
FLUX.1625,-32.45
FLUX.1626,-27.93
FLUX.1627,-69.2
FLUX.1628,-26.7
FLUX.1629,-27.01
FLUX.1630,-27.01
FLUX.1631,-19.13
FLUX.1632,-6.46
FLUX.1633,-3.2
FLUX.1634,-2.62
FLUX.1635,-42.76
FLUX.1636,-19.1
FLUX.1637,23.65
FLUX.1638,1.49
FLUX.1639,23.43
FLUX.1640,-3.54
FLUX.1641,35.77
FLUX.1642,7.4
FLUX.1643,2.93
FLUX.1644,24.65
FLUX.1645,-29.87
FLUX.1646,-18.73
FLUX.1647,-53.32
FLUX.1648,-47.51
FLUX.1649,-60.16
FLUX.1650,-63.32
FLUX.1651,-75.46
FLUX.1652,-81.96
FLUX.1653,-94.07
FLUX.1654,-93.16
FLUX.1655,-95.51
FLUX.1656,-61.32
FLUX.1657,-66.16
FLUX.1658,-65.93
FLUX.1659,-75.96
FLUX.1660,-34.26
FLUX.1661,-48.68
FLUX.1662,-43.12
FLUX.1663,-4.41
FLUX.1664,-22.7
FLUX.1665,-58.26
FLUX.1666,-17.98
FLUX.1667,-64.54
FLUX.1668,-25.79
FLUX.1669,-52.49
FLUX.1670,-57.04
FLUX.1671,-134.73
FLUX.1672,-126.84
FLUX.1673,-30.23
FLUX.1674,-71.77
FLUX.1675,-80.88
FLUX.1676,24.77
FLUX.1677,-10.52
FLUX.1678,-15.48
FLUX.1679,-118.82
FLUX.1680,-64.46
FLUX.1681,-27.54
FLUX.1682,-18.45
FLUX.1683,-8.74
FLUX.1684,9.73
FLUX.1685,-12.3
FLUX.1686,-30.4
FLUX.1687,23.15
FLUX.1688,31.4
FLUX.1689,52.26
FLUX.1690,12.01
FLUX.1691,17.45
FLUX.1692,-3.27
FLUX.1693,13.26
FLUX.1694,14.26
FLUX.1695,-28.45
FLUX.1696,-64.07
FLUX.1697,-73.24
FLUX.1698,9.62
FLUX.1699,9.62
FLUX.1700,6.04
FLUX.1701,3.79
FLUX.1702,3.79
FLUX.1703,-16.98
FLUX.1704,-39.1
FLUX.1705,-70.79
FLUX.1706,-56.02
FLUX.1707,-136.48
FLUX.1708,-102.04
FLUX.1709,-70.09
FLUX.1710,-104.23
FLUX.1711,-73.59
FLUX.1712,-18.91
FLUX.1713,-37.76
FLUX.1714,-52.45
FLUX.1715,-8.74
FLUX.1716,-25.96
FLUX.1717,-29.73
FLUX.1718,-23.8
FLUX.1719,-50.62
FLUX.1720,-66.66
FLUX.1721,-61.24
FLUX.1722,-96.05
FLUX.1723,-36.52
FLUX.1724,-44.87
FLUX.1725,3.26
FLUX.1726,3.26
FLUX.1727,-15.59
FLUX.1728,-1.7
FLUX.1729,62.98
FLUX.1730,-29.34
FLUX.1731,-9.71
FLUX.1732,-15.01
FLUX.1733,34.68
FLUX.1734,8.01
FLUX.1735,12.9
FLUX.1736,8.21
FLUX.1737,3.99
FLUX.1738,35.38
FLUX.1739,-28.01
FLUX.1740,-20.96
FLUX.1741,24.55
FLUX.1742,35.76
FLUX.1743,-23.73
FLUX.1744,-9.79
FLUX.1745,-49.41
FLUX.1746,-16.84
FLUX.1747,-52.8
FLUX.1748,-54.34
FLUX.1749,-49.12
FLUX.1750,-94.16
FLUX.1751,-71.91
FLUX.1752,-87.32
FLUX.1753,-7.98
FLUX.1754,-34.51
FLUX.1755,-114.66
FLUX.1756,-62.63
FLUX.1757,-81.12
FLUX.1758,-59.34
FLUX.1759,-73.04
FLUX.1760,-109.9
FLUX.1761,-85.15
FLUX.1762,-68.29
FLUX.1763,-84.79
FLUX.1764,-113.05
FLUX.1765,-67.65
FLUX.1766,-57.23
FLUX.1767,-93.65
FLUX.1768,-94.96
FLUX.1769,-87.9
FLUX.1770,-110.37
FLUX.1771,-89.51
FLUX.1772,-87.4
FLUX.1773,-94.29
FLUX.1774,-87.74
FLUX.1775,-44.16
FLUX.1776,-57.27
FLUX.1777,-6.12
FLUX.1778,-72.71
FLUX.1779,-83.12
FLUX.1780,-91.76
FLUX.1781,-117.12
FLUX.1782,-97.59
FLUX.1783,-113.7
FLUX.1784,-112.15
FLUX.1785,-112.15
FLUX.1786,-101.35
FLUX.1787,-91.43
FLUX.1788,-38.3
FLUX.1789,-117.07
FLUX.1790,-76.35
FLUX.1791,-57.49
FLUX.1792,-22.48
FLUX.1793,-27.27
FLUX.1794,-63.85
FLUX.1795,-21.04
FLUX.1796,-34.65
FLUX.1797,-5.4
FLUX.1798,-88.54
FLUX.1799,-54.55
FLUX.1800,-69.57
FLUX.1801,-67.05
FLUX.1802,-74.68
FLUX.1803,-32.9
FLUX.1804,-28.51
FLUX.1805,-37.32
FLUX.1806,-19.65
FLUX.1807,-24.4
FLUX.1808,-71.6
FLUX.1809,-28.37
FLUX.1810,-62.8
FLUX.1811,-53.43
FLUX.1812,-78.34
FLUX.1813,-13.09
FLUX.1814,2.66
FLUX.1815,-8.96
FLUX.1816,-30.18
FLUX.1817,51.6
FLUX.1818,10.55
FLUX.1819,43.49
FLUX.1820,73.32
FLUX.1821,26.48
FLUX.1822,26.48
FLUX.1823,26.48
FLUX.1824,-15.55
FLUX.1825,-7.02
FLUX.1826,-7.02
FLUX.1827,-28.45
FLUX.1828,9.74
FLUX.1829,-43.41
FLUX.1830,-50.98
FLUX.1831,-12.54
FLUX.1832,2.77
FLUX.1833,-15.29
FLUX.1834,-64.18
FLUX.1835,-32.45
FLUX.1836,12.85
FLUX.1837,24.57
FLUX.1838,-260.96
FLUX.1839,-19.51
FLUX.1840,16.68
FLUX.1841,13.73
FLUX.1842,-17.79
FLUX.1843,13.13
FLUX.1844,63.34
FLUX.1845,33.95
FLUX.1846,40.84
FLUX.1847,31.46
FLUX.1848,54.99
FLUX.1849,94.35
FLUX.1850,62.2
FLUX.1851,35.52
FLUX.1852,52.13
FLUX.1853,89.84
FLUX.1854,62.74
FLUX.1855,64.45
FLUX.1856,31.3
FLUX.1857,34.95
FLUX.1858,34.95
FLUX.1859,17.74
FLUX.1860,-51.35
FLUX.1861,-23.52
FLUX.1862,-62.49
FLUX.1863,-31.7
FLUX.1864,-55.1
FLUX.1865,-21.27
FLUX.1866,-14.88
FLUX.1867,-36.9
FLUX.1868,2.45
FLUX.1869,-19.51
FLUX.1870,-27.59
FLUX.1871,-8.15
FLUX.1872,10.95
FLUX.1873,-29.04
FLUX.1874,-21.3
FLUX.1875,-25.91
FLUX.1876,-24.02
FLUX.1877,16.18
FLUX.1878,-3.09
FLUX.1879,-21.62
FLUX.1880,44.45
FLUX.1881,84.48
FLUX.1882,46.29
FLUX.1883,91.49
FLUX.1884,134.71
FLUX.1885,96.34
FLUX.1886,68.32
FLUX.1887,72.46
FLUX.1888,21.62
FLUX.1889,5.24
FLUX.1890,19.1
FLUX.1891,43.04
FLUX.1892,8.05
FLUX.1893,22.27
FLUX.1894,59.09
FLUX.1895,-3.1
FLUX.1896,64.1
FLUX.1897,47.88
FLUX.1898,110.04
FLUX.1899,107.45
FLUX.1900,43.7
FLUX.1901,6.12
FLUX.1902,-16.73
FLUX.1903,3.43
FLUX.1904,18.15
FLUX.1905,65.77
FLUX.1906,81.95
FLUX.1907,52.45
FLUX.1908,52.27
FLUX.1909,59.52
FLUX.1910,145.48
FLUX.1911,163.51
FLUX.1912,97.62
FLUX.1913,146.16
FLUX.1914,206.43
FLUX.1915,200.07
FLUX.1916,256.16
FLUX.1917,47.4
FLUX.1918,47.4
FLUX.1919,27.76
FLUX.1920,74.43
FLUX.1921,70.45
FLUX.1922,60.02
FLUX.1923,135.55
FLUX.1924,81.34
FLUX.1925,28.32
FLUX.1926,72.51
FLUX.1927,111.99
FLUX.1928,96.88
FLUX.1929,88.49
FLUX.1930,99.37
FLUX.1931,174.37
FLUX.1932,133.3
FLUX.1933,106.63
FLUX.1934,87.02
FLUX.1935,99.54
FLUX.1936,134.37
FLUX.1937,75.91
FLUX.1938,82.59
FLUX.1939,138.07
FLUX.1940,126.87
FLUX.1941,131.18
FLUX.1942,139.63
FLUX.1943,136.76
FLUX.1944,80.76
FLUX.1945,112.98
FLUX.1946,136.18
FLUX.1947,114.1
FLUX.1948,77.73
FLUX.1949,104.16
FLUX.1950,131.01
FLUX.1951,98.01
FLUX.1952,101.51
FLUX.1953,61.26
FLUX.1954,61.26
FLUX.1955,27.79
FLUX.1956,-4.09
FLUX.1957,55.02
FLUX.1958,89.84
FLUX.1959,54.62
FLUX.1960,100.6
FLUX.1961,81.1
FLUX.1962,105.82
FLUX.1963,98.62
FLUX.1964,100.87
FLUX.1965,117.87
FLUX.1966,73.91
FLUX.1967,101.59
FLUX.1968,58.48
FLUX.1969,53.79
FLUX.1970,88.07
FLUX.1971,56.2
FLUX.1972,59.29
FLUX.1973,40.13
FLUX.1974,25.57
FLUX.1975,72.59
FLUX.1976,66.48
FLUX.1977,100.26
FLUX.1978,57.02
FLUX.1979,99.96
FLUX.1980,111.48
FLUX.1981,88.55
FLUX.1982,130.43
FLUX.1983,103.48
FLUX.1984,46.59
FLUX.1985,82.76
FLUX.1986,133.99
FLUX.1987,102.52
FLUX.1988,105.1
FLUX.1989,79.13
FLUX.1990,139.2
FLUX.1991,84.65
FLUX.1992,104.09
FLUX.1993,128.49
FLUX.1994,99.8
FLUX.1995,68.71
FLUX.1996,69.63
FLUX.1997,64.52
FLUX.1998,49.93
FLUX.1999,55.68
FLUX.2000,59.85
FLUX.2001,48.26
FLUX.2002,76.65
FLUX.2003,28.9
FLUX.2004,52.04
FLUX.2005,7.73
FLUX.2006,10.71
FLUX.2007,20.38
FLUX.2008,82.48
FLUX.2009,104.45
FLUX.2010,34.87
FLUX.2011,79.45
FLUX.2012,26.46
FLUX.2013,-85.98
FLUX.2014,-85.98
FLUX.2015,-109.51
FLUX.2016,-99.88
FLUX.2017,-67.38
FLUX.2018,-76.74
FLUX.2019,-69.41
FLUX.2020,-65.51
FLUX.2021,-53.41
FLUX.2022,-27.52
FLUX.2023,-0.05
FLUX.2024,-33.34
FLUX.2025,-1.63
FLUX.2026,3.59
FLUX.2027,-29.96
FLUX.2028,1.12
FLUX.2029,6.52
FLUX.2030,20.79
FLUX.2031,26.24
FLUX.2032,25.76
FLUX.2033,23.12
FLUX.2034,40.34
FLUX.2035,7.6
FLUX.2036,43.7
FLUX.2037,-2.04
FLUX.2038,32.95
FLUX.2039,19.74
FLUX.2040,-10.66
FLUX.2041,12.62
FLUX.2042,51.38
FLUX.2043,26.59
FLUX.2044,23.1
FLUX.2045,50.77
FLUX.2046,39.52
FLUX.2047,0.1
FLUX.2048,6.85
FLUX.2049,-42.21
FLUX.2050,-11.46
FLUX.2051,-41.54
FLUX.2052,11.15
FLUX.2053,-27.59
FLUX.2054,67.96
FLUX.2055,-13.45
FLUX.2056,-65.51
FLUX.2057,-38.2
FLUX.2058,-39.9
FLUX.2059,-84.93
FLUX.2060,-69.38
FLUX.2061,-139.76
FLUX.2062,-99.37
FLUX.2063,-131.43
FLUX.2064,-69.84
FLUX.2065,-76.54
FLUX.2066,-97.77
FLUX.2067,-47.46
FLUX.2068,-81.79
FLUX.2069,-81.27
FLUX.2070,-51.93
FLUX.2071,-81.71
FLUX.2072,-43.04
FLUX.2073,-58.02
FLUX.2074,-81.66
FLUX.2075,-15.09
FLUX.2076,-19.05
FLUX.2077,-24.65
FLUX.2078,23.41
FLUX.2079,41.4
FLUX.2080,82.8
FLUX.2081,31.9
FLUX.2082,54.54
FLUX.2083,63.84
FLUX.2084,24.35
FLUX.2085,34.49
FLUX.2086,74.35
FLUX.2087,6.63
FLUX.2088,7.4
FLUX.2089,-45.65
FLUX.2090,31.4
FLUX.2091,37.3
FLUX.2092,43.05
FLUX.2093,-9.71
FLUX.2094,18.38
FLUX.2095,4.15
FLUX.2096,51.91
FLUX.2097,58.16
FLUX.2098,52.57
FLUX.2099,25.26
FLUX.2100,37.59
FLUX.2101,35.74
FLUX.2102,5.54
FLUX.2103,5.13
FLUX.2104,61.15
FLUX.2105,69.84
FLUX.2106,188.93
FLUX.2107,131.1
FLUX.2108,71.63
FLUX.2109,-114.76
FLUX.2110,-114.76
FLUX.2111,-130.51
FLUX.2112,-83.15
FLUX.2113,-73.77
FLUX.2114,-72.51
FLUX.2115,-83.91
FLUX.2116,-103.1
FLUX.2117,-89.15
FLUX.2118,-3.77
FLUX.2119,-59.23
FLUX.2120,-58.12
FLUX.2121,-81.29
FLUX.2122,-46.48
FLUX.2123,-17.34
FLUX.2124,-31.71
FLUX.2125,-75.96
FLUX.2126,-32.9
FLUX.2127,-55.3
FLUX.2128,-71.23
FLUX.2129,-83.38
FLUX.2130,-89.77
FLUX.2131,-46.1
FLUX.2132,-90.15
FLUX.2133,-116.46
FLUX.2134,-50.57
FLUX.2135,-57.35
FLUX.2136,-48.32
FLUX.2137,-59.09
FLUX.2138,-61.4
FLUX.2139,-74.46
FLUX.2140,-53.93
FLUX.2141,-74.32
FLUX.2142,-86.8
FLUX.2143,10.63
FLUX.2144,-50.34
FLUX.2145,7.9
FLUX.2146,-27.84
FLUX.2147,-20.02
FLUX.2148,-33.04
FLUX.2149,-12.34
FLUX.2150,-38.23
FLUX.2151,40.85
FLUX.2152,-16.2
FLUX.2153,-32.07
FLUX.2154,-16.24
FLUX.2155,17.66
FLUX.2156,-0.12
FLUX.2157,-3.1
FLUX.2158,27.74
FLUX.2159,64.76
FLUX.2160,34.02
FLUX.2161,39.24
FLUX.2162,75.27
FLUX.2163,20.7
FLUX.2164,-15.59
FLUX.2165,14.49
FLUX.2166,-49.91
FLUX.2167,-50.49
FLUX.2168,-50.02
FLUX.2169,-24.37
FLUX.2170,-39.85
FLUX.2171,21.24
FLUX.2172,-46.46
FLUX.2173,-13.77
FLUX.2174,0.8
FLUX.2175,3.23
FLUX.2176,7.38
FLUX.2177,37.87
FLUX.2178,33.32
FLUX.2179,13.79
FLUX.2180,45.66
FLUX.2181,-44.18
FLUX.2182,-42.65
FLUX.2183,-2.1
FLUX.2184,11.76
FLUX.2185,-28.96
FLUX.2186,-9.1
FLUX.2187,36.9
FLUX.2188,-55.52
FLUX.2189,-56.1
FLUX.2190,-14.91
FLUX.2191,-41.18
FLUX.2192,-24.96
FLUX.2193,-83.35
FLUX.2194,-99.38
FLUX.2195,-106.49
FLUX.2196,-116.21
FLUX.2197,-91.76
FLUX.2198,-104.76
FLUX.2199,-114.7
FLUX.2200,-93.9
FLUX.2201,-105.74
FLUX.2202,-148.82
FLUX.2203,-41.38
FLUX.2204,-137.95
FLUX.2205,-146.91
FLUX.2206,-146.91
FLUX.2207,-163.21
FLUX.2208,-191.29
FLUX.2209,-157.68
FLUX.2210,-176.05
FLUX.2211,-119.8
FLUX.2212,-154.52
FLUX.2213,-186.77
FLUX.2214,-168.29
FLUX.2215,-126.62
FLUX.2216,-108.16
FLUX.2217,-77.15
FLUX.2218,-45.63
FLUX.2219,-123.43
FLUX.2220,-50.55
FLUX.2221,-88.65
FLUX.2222,-70.37
FLUX.2223,-40.76
FLUX.2224,-40.07
FLUX.2225,-73.8
FLUX.2226,-52.68
FLUX.2227,18.66
FLUX.2228,2.68
FLUX.2229,-11.57
FLUX.2230,-11.57
FLUX.2231,-32.29
FLUX.2232,-83.85
FLUX.2233,-79.6
FLUX.2234,-81.59
FLUX.2235,-106.96
FLUX.2236,-132.95
FLUX.2237,-129.68
FLUX.2238,-48.73
FLUX.2239,-174.16
FLUX.2240,-163.87
FLUX.2241,-117.18
FLUX.2242,-129.99
FLUX.2243,-192.04
FLUX.2244,-211.37
FLUX.2245,-114.2
FLUX.2246,-161.76
FLUX.2247,-228.09
FLUX.2248,-171.43
FLUX.2249,-131.01
FLUX.2250,-131.18
FLUX.2251,-138.04
FLUX.2252,-138.65
FLUX.2253,-55.57
FLUX.2254,-78.4
FLUX.2255,-52.41
FLUX.2256,-31.91
FLUX.2257,26.54
FLUX.2258,35.46
FLUX.2259,11.18
FLUX.2260,8.87
FLUX.2261,-8.54
FLUX.2262,-64.2
FLUX.2263,-73.38
FLUX.2264,-185.87
FLUX.2265,-26.41
FLUX.2266,-26.41
FLUX.2267,-102.84
FLUX.2268,-133.09
FLUX.2269,-133.21
FLUX.2270,-205.62
FLUX.2271,-160.68
FLUX.2272,-197.12
FLUX.2273,-116.95
FLUX.2274,-87.98
FLUX.2275,-53.4
FLUX.2276,-63.09
FLUX.2277,43.71
FLUX.2278,11.45
FLUX.2279,76.87
FLUX.2280,69.54
FLUX.2281,-19.29
FLUX.2282,-49.35
FLUX.2283,-81.13
FLUX.2284,-52.65
FLUX.2285,28.65
FLUX.2286,55.05
FLUX.2287,69.79
FLUX.2288,122.24
FLUX.2289,16.23
FLUX.2290,16.23
FLUX.2291,-28.46
FLUX.2292,-72.85
FLUX.2293,-95.32
FLUX.2294,-92.49
FLUX.2295,-160.48
FLUX.2296,-67.55
FLUX.2297,-59.43
FLUX.2298,24.74
FLUX.2299,-3.99
FLUX.2300,36.99
FLUX.2301,-4.21
FLUX.2302,-4.21
FLUX.2303,-81.76
FLUX.2304,-66.65
FLUX.2305,-87.2
FLUX.2306,-39.35
FLUX.2307,3.96
FLUX.2308,28.66
FLUX.2309,38.87
FLUX.2310,74.74
FLUX.2311,76.93
FLUX.2312,10.6
FLUX.2313,-29.79
FLUX.2314,-29.79
FLUX.2315,-144.4
FLUX.2316,-150.41
FLUX.2317,-183.82
FLUX.2318,-151.45
FLUX.2319,-138.45
FLUX.2320,-104.54
FLUX.2321,-40.93
FLUX.2322,-25.96
FLUX.2323,62.88
FLUX.2324,21.52
FLUX.2325,116.95
FLUX.2326,116.95
FLUX.2327,59.45
FLUX.2328,29.26
FLUX.2329,-19.59
FLUX.2330,-60.54
FLUX.2331,-91.45
FLUX.2332,-164.26
FLUX.2333,-196.88
FLUX.2334,-143.9
FLUX.2335,-76.26
FLUX.2336,-65.62
FLUX.2337,-48.37
FLUX.2338,37.68
FLUX.2339,96.96
FLUX.2340,30.9
FLUX.2341,-7.77
FLUX.2342,-53.57
FLUX.2343,-103.84
FLUX.2344,-69.16
FLUX.2345,37.01
FLUX.2346,70.45
FLUX.2347,23.35
FLUX.2348,3.57
FLUX.2349,-2.54
FLUX.2350,-2.54
FLUX.2351,11.01
FLUX.2352,18.59
FLUX.2353,11.76
FLUX.2354,-101.12
FLUX.2355,-105.6
FLUX.2356,-44.41
FLUX.2357,83.21
FLUX.2358,98.77
FLUX.2359,44.1
FLUX.2360,-249.82
FLUX.2361,-103.91
FLUX.2362,-103.91
FLUX.2363,-47.15
FLUX.2364,-8.4
FLUX.2365,5.51
FLUX.2366,-40.93
FLUX.2367,-71.38
FLUX.2368,-159.35
FLUX.2369,-201.15
FLUX.2370,-46.85
FLUX.2371,117.63
FLUX.2372,87.07
FLUX.2373,-119.05
FLUX.2374,-119.05
FLUX.2375,-9.27
FLUX.2376,-11.16
FLUX.2377,-34.73
FLUX.2378,-126.24
FLUX.2379,-102.59
FLUX.2380,53.77
FLUX.2381,111.85
FLUX.2382,47.05
FLUX.2383,-112.48
FLUX.2384,74.09
FLUX.2385,74.09
FLUX.2386,74.09
FLUX.2387,83.91
FLUX.2388,29.96
FLUX.2389,23.96
FLUX.2390,-59.05
FLUX.2391,-149.21
FLUX.2392,-191.62
FLUX.2393,-178.98
FLUX.2394,-198.43
FLUX.2395,-55.38
FLUX.2396,21.29
FLUX.2397,-179.01
FLUX.2398,-179.01
FLUX.2399,-152.05
FLUX.2400,-178.07
FLUX.2401,-197.13
FLUX.2402,-109.98
FLUX.2403,-134.3
FLUX.2404,-85.12
FLUX.2405,-150.59
FLUX.2406,-115.68
FLUX.2407,-29.02
FLUX.2408,-22.3
FLUX.2409,109.45
FLUX.2410,109.45
FLUX.2411,64.1
FLUX.2412,37.74
FLUX.2413,-3.76
FLUX.2414,-63.45
FLUX.2415,-104.82
FLUX.2416,-126.2
FLUX.2417,-144.57
FLUX.2418,-184.79
FLUX.2419,-120.07
FLUX.2420,-129.29
FLUX.2421,-61.52
FLUX.2422,11.7
FLUX.2423,-11.87
FLUX.2424,12.9
FLUX.2425,-29.24
FLUX.2426,-98.02
FLUX.2427,-126.41
FLUX.2428,-17.79
FLUX.2429,14.96
FLUX.2430,115.85
FLUX.2431,138.38
FLUX.2432,96.55
FLUX.2433,-160.43
FLUX.2434,-160.43
FLUX.2435,-89.91
FLUX.2436,-116.49
FLUX.2437,-90.4
FLUX.2438,-66.68
FLUX.2439,24.51
FLUX.2440,-14.48
FLUX.2441,-39.95
FLUX.2442,-90.15
FLUX.2443,-80.6
FLUX.2444,-16.46
FLUX.2445,-157.68
FLUX.2446,-157.68
FLUX.2447,-116.88
FLUX.2448,-64.79
FLUX.2449,-52.54
FLUX.2450,30.09
FLUX.2451,29.96
FLUX.2452,16.15
FLUX.2453,-23.74
FLUX.2454,-98.1
FLUX.2455,-107.68
FLUX.2456,-108.41
FLUX.2457,-57.91
FLUX.2458,-57.91
FLUX.2459,-143.82
FLUX.2460,-116.8
FLUX.2461,-157.43
FLUX.2462,-140.88
FLUX.2463,-119.16
FLUX.2464,-43.04
FLUX.2465,-33.6
FLUX.2466,30.85
FLUX.2467,107.93
FLUX.2468,87.27
FLUX.2469,129.8
FLUX.2470,129.8
FLUX.2471,89.8
FLUX.2472,-7.7
FLUX.2473,-137.16
FLUX.2474,-217.05
FLUX.2475,-151.57
FLUX.2476,-65.96
FLUX.2477,-23.99
FLUX.2478,50.1
FLUX.2479,51.91
FLUX.2480,18.48
FLUX.2481,-146.2
FLUX.2482,-146.2
FLUX.2483,-142.38
FLUX.2484,-51.98
FLUX.2485,35.52
FLUX.2486,73.01
FLUX.2487,30.87
FLUX.2488,-71.13
FLUX.2489,-85.9
FLUX.2490,74.01
FLUX.2491,100.79
FLUX.2492,239.95
FLUX.2493,-147.3
FLUX.2494,-147.3
FLUX.2495,-174.26
FLUX.2496,-129.95
FLUX.2497,-55.48
FLUX.2498,-35.93
FLUX.2499,16.37
FLUX.2500,-0.79
FLUX.2501,20.04
FLUX.2502,32.99
FLUX.2503,7.05
FLUX.2504,-88.87
FLUX.2505,113.16
FLUX.2506,113.16
FLUX.2507,76.04
FLUX.2508,17.73
FLUX.2509,-17.54
FLUX.2510,-125.88
FLUX.2511,-200.05
FLUX.2512,-185.45
FLUX.2513,-176.07
FLUX.2514,-124.51
FLUX.2515,-62.49
FLUX.2516,94.21
FLUX.2517,-61.29
FLUX.2518,-61.29
FLUX.2519,5.65
FLUX.2520,29.99
FLUX.2521,-30.55
FLUX.2522,-73.55
FLUX.2523,-62.96
FLUX.2524,-26.18
FLUX.2525,20.1
FLUX.2526,96.66
FLUX.2527,108.48
FLUX.2528,-4.13
FLUX.2529,-201.35
FLUX.2530,-201.35
FLUX.2531,-105.68
FLUX.2532,-165.87
FLUX.2533,-14.18
FLUX.2534,34.46
FLUX.2535,38.87
FLUX.2536,-49.87
FLUX.2537,-107.43
FLUX.2538,-9.01
FLUX.2539,-3.38
FLUX.2540,30.77
FLUX.2541,-98.45
FLUX.2542,-98.45
FLUX.2543,-25.13
FLUX.2544,-20.7
FLUX.2545,-1.57
FLUX.2546,-61.2
FLUX.2547,-42.21
FLUX.2548,-91.59
FLUX.2549,-50.38
FLUX.2550,92.98
FLUX.2551,79.3
FLUX.2552,-54.04
FLUX.2553,-122.84
FLUX.2554,-122.84
FLUX.2555,-47.13
FLUX.2556,5.48
FLUX.2557,-49.62
FLUX.2558,-78.16
FLUX.2559,-100.05
FLUX.2560,-34.79
FLUX.2561,14.1
FLUX.2562,74.05
FLUX.2563,77.04
FLUX.2564,-183.02
FLUX.2565,-135.93
FLUX.2566,-135.93
FLUX.2567,-61.01
FLUX.2568,-68.05
FLUX.2569,49.82
FLUX.2570,36.59
FLUX.2571,-16.18
FLUX.2572,-68.65
FLUX.2573,-112.02
FLUX.2574,-4.96
FLUX.2575,71.15
FLUX.2576,9.1
FLUX.2577,-40.34
FLUX.2578,-40.34
FLUX.2579,5.34
FLUX.2580,-8.62
FLUX.2581,-65.66
FLUX.2582,-97.38
FLUX.2583,-43.55
FLUX.2584,49.76
FLUX.2585,9.96
FLUX.2586,-161.71
FLUX.2587,-138.68
FLUX.2588,-138.68
FLUX.2589,-138.68
FLUX.2590,-138.68
FLUX.2591,-154.41
FLUX.2592,-203.7
FLUX.2593,-190.66
FLUX.2594,-170.76
FLUX.2595,-242.18
FLUX.2596,-122.76
FLUX.2597,-81.13
FLUX.2598,-89.95
FLUX.2599,-63.34
FLUX.2600,-37.7
FLUX.2601,-89.38
FLUX.2602,-89.38
FLUX.2603,-65.63
FLUX.2604,-52.82
FLUX.2605,-43.71
FLUX.2606,-19.74
FLUX.2607,5.18
FLUX.2608,-33.95
FLUX.2609,-74.6
FLUX.2610,-55.15
FLUX.2611,-97.79
FLUX.2612,-115.2
FLUX.2613,-13.01
FLUX.2614,-13.01
FLUX.2615,-13.01
FLUX.2616,-13.01
FLUX.2617,-13.01
FLUX.2618,-13.01
FLUX.2619,-67.71
FLUX.2620,-98.68
FLUX.2621,-157.73
FLUX.2622,-208.99
FLUX.2623,-230.71
FLUX.2624,-213.73
FLUX.2625,-147.26
FLUX.2626,-115.48
FLUX.2627,-87.77
FLUX.2628,-74.26
FLUX.2629,-49.95
FLUX.2630,-6.57
FLUX.2631,-52.05
FLUX.2632,-74.24
FLUX.2633,-77.82
FLUX.2634,-109.84
FLUX.2635,-71.41
FLUX.2636,-128.62
FLUX.2637,-246.54
FLUX.2638,-246.54
FLUX.2639,-362.79
FLUX.2640,-314.77
FLUX.2641,-303.59
FLUX.2642,-260.71
FLUX.2643,-119.62
FLUX.2644,-55.32
FLUX.2645,-9.27
FLUX.2646,-52.21
FLUX.2647,-94.85
FLUX.2648,-74.18
FLUX.2649,-0.93
FLUX.2650,-0.93
FLUX.2651,-57.26
FLUX.2652,-144.43
FLUX.2653,-141.54
FLUX.2654,-123.29
FLUX.2655,-142.41
FLUX.2656,-83.85
FLUX.2657,-56.35
FLUX.2658,-26.07
FLUX.2659,-1.4
FLUX.2660,-51.7
FLUX.2661,-158.34
FLUX.2662,-158.34
FLUX.2663,-170.63
FLUX.2664,-111.04
FLUX.2665,-117.32
FLUX.2666,-22.07
FLUX.2667,-31.99
FLUX.2668,-97.74
FLUX.2669,-98.73
FLUX.2670,-111.96
FLUX.2671,-65.4
FLUX.2672,-26.74
FLUX.2673,-86.95
FLUX.2674,-86.95
FLUX.2675,-104.3
FLUX.2676,-38.55
FLUX.2677,-66.68
FLUX.2678,-34.1
FLUX.2679,-142.71
FLUX.2680,-45.18
FLUX.2681,1.4
FLUX.2682,-50.82
FLUX.2683,-340.09
FLUX.2684,201.1
FLUX.2685,201.1
FLUX.2686,201.1
FLUX.2687,201.1
FLUX.2688,199.9
FLUX.2689,212.57
FLUX.2690,235.77
FLUX.2691,203.04
FLUX.2692,122.07
FLUX.2693,23.65
FLUX.2694,-46.18
FLUX.2695,-138.6
FLUX.2696,-204.65
FLUX.2697,-204.09
FLUX.2698,-186.96
FLUX.2699,-188.95
FLUX.2700,-127.09
FLUX.2701,-128.38
FLUX.2702,-61.57
FLUX.2703,-20.77
FLUX.2704,-105.35
FLUX.2705,-66.23
FLUX.2706,-74.49
FLUX.2707,-78.26
FLUX.2708,-157.98
FLUX.2709,170.79
FLUX.2710,170.79
FLUX.2711,160.4
FLUX.2712,90.41
FLUX.2713,-104.85
FLUX.2714,-139.73
FLUX.2715,-228.18
FLUX.2716,-233.21
FLUX.2717,-228.34
FLUX.2718,-150.34
FLUX.2719,-76.35
FLUX.2720,-64.12
FLUX.2721,-162.85
FLUX.2722,-162.85
FLUX.2723,-144.23
FLUX.2724,-127.07
FLUX.2725,-71.8
FLUX.2726,-69.46
FLUX.2727,-87.09
FLUX.2728,-95.66
FLUX.2729,-190.85
FLUX.2730,-195.24
FLUX.2731,-174.48
FLUX.2732,-143.09
FLUX.2733,79.37
FLUX.2734,79.37
FLUX.2735,-12.4
FLUX.2736,-132.34
FLUX.2737,-211.38
FLUX.2738,-247.04
FLUX.2739,-230.16
FLUX.2740,-174.54
FLUX.2741,-153.98
FLUX.2742,-98.23
FLUX.2743,-48.73
FLUX.2744,-90.07
FLUX.2745,-141.04
FLUX.2746,-141.04
FLUX.2747,-98.79
FLUX.2748,-93.46
FLUX.2749,-93.7
FLUX.2750,-68.04
FLUX.2751,-122.1
FLUX.2752,-165.65
FLUX.2753,-167.84
FLUX.2754,-170.41
FLUX.2755,-39.27
FLUX.2756,-88.46
FLUX.2757,-54.35
FLUX.2758,-54.35
FLUX.2759,-177.52
FLUX.2760,-266.71
FLUX.2761,-289.62
FLUX.2762,-211.68
FLUX.2763,-124.91
FLUX.2764,-109.4
FLUX.2765,-95.3
FLUX.2766,-135.21
FLUX.2767,-225.21
FLUX.2768,-237.99
FLUX.2769,183.26
FLUX.2770,183.26
FLUX.2771,183.63
FLUX.2772,32.27
FLUX.2773,-135.95
FLUX.2774,-201.46
FLUX.2775,-239.98
FLUX.2776,-215.59
FLUX.2777,-148.16
FLUX.2778,-90.09
FLUX.2779,-117.41
FLUX.2780,-117.01
FLUX.2781,-401.98
FLUX.2782,-401.98
FLUX.2783,-293.98
FLUX.2784,-209.99
FLUX.2785,-163.65
FLUX.2786,-142.4
FLUX.2787,-140.27
FLUX.2788,-144.23
FLUX.2789,-130.45
FLUX.2790,-220.41
FLUX.2791,-216.48
FLUX.2792,-180.02
FLUX.2793,89.12
FLUX.2794,89.12
FLUX.2795,-59.16
FLUX.2796,-172.65
FLUX.2797,-219.68
FLUX.2798,-339.07
FLUX.2799,-247.01
FLUX.2800,-187.87
FLUX.2801,-163.02
FLUX.2802,-135.65
FLUX.2803,-155.65
FLUX.2804,-166.15
FLUX.2805,219.8
FLUX.2806,219.8
FLUX.2807,193.24
FLUX.2808,110.43
FLUX.2809,29.32
FLUX.2810,-119.15
FLUX.2811,-212.79
FLUX.2812,-261.87
FLUX.2813,-277.15
FLUX.2814,-263.68
FLUX.2815,-176.74
FLUX.2816,-141.46
FLUX.2817,-70.37
FLUX.2818,-138.04
FLUX.2819,-149.71
FLUX.2820,-201.07
FLUX.2821,-186.27
FLUX.2822,-207.12
FLUX.2823,-198.88
FLUX.2824,-130.55
FLUX.2825,-95.2
FLUX.2826,-134.65
FLUX.2827,-251.62
FLUX.2828,-378.18
FLUX.2829,-275.1
FLUX.2830,-275.1
FLUX.2831,-349.43
FLUX.2832,-268.24
FLUX.2833,-195.21
FLUX.2834,-149.26
FLUX.2835,-87.04
FLUX.2836,-79.26
FLUX.2837,-157.27
FLUX.2838,-290.55
FLUX.2839,-334.54
FLUX.2840,-303.96
FLUX.2841,180.45
FLUX.2842,180.45
FLUX.2843,163.16
FLUX.2844,-14.88
FLUX.2845,-93.15
FLUX.2846,-225.3
FLUX.2847,-271.07
FLUX.2848,-245.48
FLUX.2849,-207.07
FLUX.2850,-136.04
FLUX.2851,-157.43
FLUX.2852,-201.04
FLUX.2853,200.77
FLUX.2854,200.77
FLUX.2855,113.24
FLUX.2856,-0.71
FLUX.2857,-145.55
FLUX.2858,-215.93
FLUX.2859,-266.15
FLUX.2860,-181.46
FLUX.2861,-127.93
FLUX.2862,-150.27
FLUX.2863,-84.02
FLUX.2864,-133.84
FLUX.2865,-112.7
FLUX.2866,-112.7
FLUX.2867,-110.51
FLUX.2868,-99.43
FLUX.2869,-141.48
FLUX.2870,-124.3
FLUX.2871,-99.07
FLUX.2872,-225.43
FLUX.2873,-257.32
FLUX.2874,-257.32
FLUX.2875,-257.32
FLUX.2876,-257.32
FLUX.2877,-257.32
FLUX.2878,-257.32
FLUX.2879,-265.18
FLUX.2880,-168.2
FLUX.2881,-167.04
FLUX.2882,-88.48
FLUX.2883,-103.3
FLUX.2884,-139.3
FLUX.2885,-110.01
FLUX.2886,-103.7
FLUX.2887,-188.1
FLUX.2888,-197.65
FLUX.2889,4.55
FLUX.2890,4.55
FLUX.2891,-103.46
FLUX.2892,-219.71
FLUX.2893,-224.59
FLUX.2894,-257.74
FLUX.2895,-212.62
FLUX.2896,-149.05
FLUX.2897,-189.27
FLUX.2898,-143.96
FLUX.2899,-201.43
FLUX.2900,-230.68
FLUX.2901,-10.37
FLUX.2902,-10.37
FLUX.2903,-181.32
FLUX.2904,-228.04
FLUX.2905,-288.82
FLUX.2906,-316.54
FLUX.2907,-261.57
FLUX.2908,-196.04
FLUX.2909,-183.57
FLUX.2910,-157.59
FLUX.2911,-129.2
FLUX.2912,-187.79
FLUX.2913,177.43
FLUX.2914,177.43
FLUX.2915,116.18
FLUX.2916,-51.98
FLUX.2917,-162.23
FLUX.2918,-245.26
FLUX.2919,-319.87
FLUX.2920,-268.49
FLUX.2921,-207.07
FLUX.2922,-188.54
FLUX.2923,-182.79
FLUX.2924,-166.18
FLUX.2925,-116.18
FLUX.2926,-116.18
FLUX.2927,-102.12
FLUX.2928,-116.09
FLUX.2929,-109.32
FLUX.2930,-207.29
FLUX.2931,-146.45
FLUX.2932,-132.87
FLUX.2933,-82.88
FLUX.2934,-216.15
FLUX.2935,-376.96
FLUX.2936,-201.95
FLUX.2937,-201.95
FLUX.2938,-201.95
FLUX.2939,-185.09
FLUX.2940,-157.9
FLUX.2941,-93.07
FLUX.2942,-93.26
FLUX.2943,-113.68
FLUX.2944,-127.18
FLUX.2945,-167.9
FLUX.2946,-146.4
FLUX.2947,-122.84
FLUX.2948,-155.68
FLUX.2949,-128.4
FLUX.2950,-128.4
FLUX.2951,-151.76
FLUX.2952,-209.38
FLUX.2953,-260.2
FLUX.2954,-205.68
FLUX.2955,-169.48
FLUX.2956,-158.96
FLUX.2957,-398.82
FLUX.2958,-131.18
FLUX.2959,-131.18
FLUX.2960,-131.18
FLUX.2961,-131.18
FLUX.2962,-131.18
FLUX.2963,-241.65
FLUX.2964,-231.74
FLUX.2965,-119.6
FLUX.2966,-131.41
FLUX.2967,-203.57
FLUX.2968,-195.13
FLUX.2969,-143.12
FLUX.2970,-147.55
FLUX.2971,-126.24
FLUX.2972,-304.18
FLUX.2973,285.32
FLUX.2974,285.32
FLUX.2975,281.82
FLUX.2976,201.07
FLUX.2977,45.4
FLUX.2978,-88.12
FLUX.2979,-179.7
FLUX.2980,-230.66
FLUX.2981,-264.59
FLUX.2982,-227.13
FLUX.2983,-191.07
FLUX.2984,-164.59
FLUX.2985,-168.29
FLUX.2986,-168.29
FLUX.2987,-165.12
FLUX.2988,-140.16
FLUX.2989,-83.91
FLUX.2990,-105.66
FLUX.2991,-117.57
FLUX.2992,-163.1
FLUX.2993,-192.59
FLUX.2994,-205.55
FLUX.2995,-156.26
FLUX.2996,-225.65
FLUX.2997,142.7
FLUX.2998,142.7
FLUX.2999,41.49
FLUX.3000,-42.99
FLUX.3001,-276.48
FLUX.3002,-263.27
FLUX.3003,-241.24
FLUX.3004,-228.09
FLUX.3005,-157.16
FLUX.3006,-128.52
FLUX.3007,-138.54
FLUX.3008,-146.34
FLUX.3009,269.8
FLUX.3010,269.8
FLUX.3011,261.95
FLUX.3012,193.91
FLUX.3013,64.84
FLUX.3014,-54.49
FLUX.3015,-138.04
FLUX.3016,-193.01
FLUX.3017,-256.59
FLUX.3018,-208.93
FLUX.3019,-215.82
FLUX.3020,-151.34
FLUX.3021,-89.38
FLUX.3022,-177.68
FLUX.3023,-145.38
FLUX.3024,-115.41
FLUX.3025,-188.21
FLUX.3026,-157.15
FLUX.3027,-166.87
FLUX.3028,-105.18
FLUX.3029,-133.7
FLUX.3030,-116.8
FLUX.3031,-123.82
FLUX.3032,-200.51
FLUX.3033,-166.34
FLUX.3034,-166.34
FLUX.3035,-197.85
FLUX.3036,-241.34
FLUX.3037,-205.32
FLUX.3038,-110.52
FLUX.3039,-110.74
FLUX.3040,-76.37
FLUX.3041,-125.45
FLUX.3042,-153.96
FLUX.3043,-166.07
FLUX.3044,-138.51
FLUX.3045,-98.91
FLUX.3046,-98.91
FLUX.3047,-118.91
FLUX.3048,-95.54
FLUX.3049,-73.4
FLUX.3050,-103.15
FLUX.3051,-135.87
FLUX.3052,-118.37
FLUX.3053,-256.1
FLUX.3054,-467.74
FLUX.3055,-96.37
FLUX.3056,-96.37
FLUX.3057,-96.37
FLUX.3058,-96.37
FLUX.3059,-96.37
FLUX.3060,-118.05
FLUX.3061,-214.3
FLUX.3062,-163.74
FLUX.3063,-75.66
FLUX.3064,-74.7
FLUX.3065,-82.02
FLUX.3066,-99.59
FLUX.3067,-163.88
FLUX.3068,-90.49
FLUX.3069,-68.16
FLUX.3070,-68.16
FLUX.3071,-27.85
FLUX.3072,-85.13
FLUX.3073,-102.91
FLUX.3074,-122.91
FLUX.3075,-108.79
FLUX.3076,-125.26
FLUX.3077,-94.3
FLUX.3078,-100.05
FLUX.3079,-110.59
FLUX.3080,-79.48
FLUX.3081,-118.01
FLUX.3082,-118.01
FLUX.3083,-147.93
FLUX.3084,-95.91
FLUX.3085,-98.37
FLUX.3086,-40.34
FLUX.3087,-36.99
FLUX.3088,-60.1
FLUX.3089,-37.01
FLUX.3090,-92.85
FLUX.3091,-42.77
FLUX.3092,-115.65
FLUX.3093,-84.95
FLUX.3094,-84.95
FLUX.3095,-44.34
FLUX.3096,-38.21
FLUX.3097,-51.84
FLUX.3098,-15.16
FLUX.3099,-80.4
FLUX.3100,-78.66
FLUX.3101,-74.34
FLUX.3102,-92.82
FLUX.3103,-133.12
FLUX.3104,-147.23
FLUX.3105,-93.12
FLUX.3106,-93.12
FLUX.3107,-30.63
FLUX.3108,-93.2
FLUX.3109,-56.8
FLUX.3110,-24.51
FLUX.3111,-18.54
FLUX.3112,-81.15
FLUX.3113,-99.07
FLUX.3114,-82.82
FLUX.3115,-108.15
FLUX.3116,-53.24
FLUX.3117,-57.34
FLUX.3118,-57.34
FLUX.3119,-72.32
FLUX.3120,-59.27
FLUX.3121,-40.73
FLUX.3122,22.84
FLUX.3123,15.71
FLUX.3124,-59.65
FLUX.3125,-23.01
FLUX.3126,-24.1
FLUX.3127,-46.45
FLUX.3128,-11.1
FLUX.3129,212.85
FLUX.3130,212.85
FLUX.3131,101.35
FLUX.3132,-21.95
FLUX.3133,-51.82
FLUX.3134,-100.73
FLUX.3135,-44.79
FLUX.3136,-61.82
FLUX.3137,-60.02
FLUX.3138,-19.27
FLUX.3139,-52.91
FLUX.3140,-97.51
FLUX.3141,271.13
FLUX.3142,271.13
FLUX.3143,103.09
FLUX.3144,-28.34
FLUX.3145,-92.8
FLUX.3146,-74.91
FLUX.3147,9.95
FLUX.3148,-42.54
FLUX.3149,-28.46
FLUX.3150,-38.15
FLUX.3151,-61.43
FLUX.3152,-127.18
FLUX.3153,-12.15
FLUX.3154,-12.15
FLUX.3155,-80.84
FLUX.3156,-112.96
FLUX.3157,-129.34
FLUX.3158,-35.24
FLUX.3159,-70.13
FLUX.3160,-35.3
FLUX.3161,-56.48
FLUX.3162,-74.6
FLUX.3163,-115.18
FLUX.3164,-8.91
FLUX.3165,-37.59
FLUX.3166,-37.59
FLUX.3167,-37.43
FLUX.3168,-104.23
FLUX.3169,-101.45
FLUX.3170,-107.35
FLUX.3171,-109.82
FLUX.3172,-126.27
FLUX.3173,-170.32
FLUX.3174,-117.85
FLUX.3175,-32.3
FLUX.3176,-70.18
FLUX.3177,314.29
FLUX.3178,314.29
FLUX.3179,314.29
FLUX.3180,149.71
FLUX.3181,54.6
FLUX.3182,12.6
FLUX.3183,-133.68
FLUX.3184,-78.16
FLUX.3185,-52.3
FLUX.3186,-8.55
FLUX.3187,-19.73
FLUX.3188,17.82
FLUX.3189,-51.66
FLUX.3190,-48.29
FLUX.3191,-59.99
FLUX.3192,-82.1
FLUX.3193,-174.54
FLUX.3194,-95.23
FLUX.3195,-162.68
FLUX.3196,-36.79
FLUX.3197,30.63
